{"beer.py": 0.18229055404663086, "helloworld.py": 0.04688310623168945, "mandelbrot.py": 1.1089038848876953, "squares.py": 0.06949973106384277, "triangle.py": 0.09816575050354004, "yapi.py": 0.06375694274902344}