{"beer.py": 0.2106943130493164, "helloworld.py": 0.05332803726196289, "mandelbrot.py": 0.209242582321167, "squares.py": 0.0706789493560791, "triangle.py": 0.09448122978210449, "yapi.py": 0.06144452095031738}