{"helloworld.py": 0.04765908718109131, "mandelbrot.py": 0.18763878345489501, "squares.py": 0.060747528076171876, "triangle.py": 0.08824687004089356, "yapi.py": 0.049515366554260254}