{"beer.py": 0.1129612922668457, "helloworld.py": 0.05873417854309082, "mandelbrot.py": 209.0628263950348, "squares.py": 0.13085556030273438, "triangle.py": 0.057061195373535156, "yapi.py": 0.26044130325317383}