{"helloworld.py": 0.04855198860168457, "mandelbrot.py": 193.73172373771666, "squares.py": 0.1404125928878784, "triangle.py": 0.05877883434295654, "yapi.py": 0.24872050285339356}