{"beer.py": 0.24321413040161133, "helloworld.py": 0.07177567481994629, "mandelbrot.py": 628.4593148231506, "squares.py": 0.18802118301391602, "triangle.py": 0.061801910400390625, "yapi.py": 0.365220308303833}