{"helloworld.py": 0.06786162853240967, "mandelbrot.py": 606.050546503067, "squares.py": 0.1848283290863037, "triangle.py": 0.0643843650817871, "yapi.py": 0.3369469165802002}